{
  "strategy": {
    "CAGR": 0.13587399835381492,
    "Volatility": 0.14294611871309054,
    "Sharpe": 0.9505259714433367,
    "MaxDD": -0.26700688270643,
    "Total_Return": 10.958286519975402
  },
  "spy": {
    "CAGR": 0.09527432251705781,
    "Volatility": 0.1489054549093565,
    "Sharpe": 0.6398309758030982,
    "MaxDD": -0.5219527757973197,
    "Total_Return": 4.771157428703003
  },
  "benchmark_60_40": {
    "CAGR": 0.05986553718081844,
    "Volatility": 0.10055820782730812,
    "Sharpe": 0.595332180975495,
    "MaxDD": -0.3133116730917802,
    "Total_Return": 2.136785508783763
  }
}